{"train/lr": 0.000981, "train/dila_dbloss_Student_Teacher": 0.519234, "train/dila_dbloss_Student2_Teacher": 0.480021, "train/loss": 5.416403770446777, "train/dml_thrink_maps_0": 0.007652000058442354, "train/db_Student_loss_shrink_maps": 1.46558, "train/db_Student_loss_threshold_maps": 0.433355, "train/db_Student_loss_binary_maps": 0.293006, "train/db_Student_loss_cbn": 0.0, "train/db_Student2_loss_shrink_maps": 1.393924, "train/db_Student2_loss_threshold_maps": 0.421009, "train/db_Student2_loss_binary_maps": 0.278803, "train/db_Student2_loss_cbn": 0.0, "_timestamp": 1696489206.98424, "_runtime": 13245.190809965134, "_step": 1894, "eval/precision": 0.7410242872228089, "eval/recall": 0.8136231884057971, "eval/hmean": 0.7756286266924566, "eval/fps": 1.1431457781206664, "eval/best_hmean": 0.8018720748829953}