{"train/lr": 0.001, "train/loss": 1.361369013786316, "train/loss_shrink_maps": 0.771257, "train/loss_threshold_maps": 0.412014, "train/loss_binary_maps": 0.154099, "train/loss_cbn": 0.0, "_timestamp": 1696875462.4508398, "_runtime": 4006.42950963974, "_step": 699, "eval/precision": 0.7461809635722679, "eval/recall": 0.736231884057971, "eval/hmean": 0.7411730376422527, "eval/fps": 2.321694857438894, "eval/best_hmean": 0.7940257563057228}