{"train/lr": 0.000999, "train/dila_dbloss_Student_Teacher": 0.515551, "train/dila_dbloss_Student2_Teacher": 0.510741, "train/loss": 5.343822002410889, "train/dml_thrink_maps_0": 0.004447000101208687, "train/db_Student_loss_shrink_maps": 1.386367, "train/db_Student_loss_threshold_maps": 0.460642, "train/db_Student_loss_binary_maps": 0.277589, "train/db_Student_loss_cbn": 0.0, "train/db_Student2_loss_shrink_maps": 1.393501, "train/db_Student2_loss_threshold_maps": 0.458206, "train/db_Student2_loss_binary_maps": 0.278959, "train/db_Student2_loss_cbn": 0.0, "_timestamp": 1696526087.1238098, "_runtime": 4974.997684717178, "_step": 695, "eval/precision": 0.7967641214873687, "eval/recall": 0.8136231884057971, "eval/hmean": 0.8051054065681916, "eval/fps": 1.1236995242608017, "eval/best_hmean": 0.8100498158977691}