{"train/lr": 0.001, "train/dila_dbloss_Student_Teacher": 0.49837, "train/dila_dbloss_Student2_Teacher": 0.500596, "train/loss": 5.3633527755737305, "train/dml_thrink_maps_0": 0.005504000000655651, "train/db_Student_loss_shrink_maps": 1.437136, "train/db_Student_loss_threshold_maps": 0.435529, "train/db_Student_loss_binary_maps": 0.287548, "train/db_Student_loss_cbn": 0.0, "train/db_Student2_loss_shrink_maps": 1.449357, "train/db_Student2_loss_threshold_maps": 0.440097, "train/db_Student2_loss_binary_maps": 0.290033, "train/db_Student2_loss_cbn": 0.0, "_timestamp": 1696529862.5937726, "_runtime": 3416.7498755455017, "_step": 493, "eval/precision": 0.7087455480807281, "eval/recall": 0.778695652173913, "eval/hmean": 0.7420758234928526, "eval/fps": 1.113076684591776, "eval/best_hmean": 0.809161411901138, "_wandb": {"runtime": 5165}}