{"train/lr": 0.000995, "train/loss": 1.3029500246047974, "train/loss_shrink_maps": 0.744454, "train/loss_threshold_maps": 0.398056, "train/loss_binary_maps": 0.148563, "train/loss_cbn": 0.0, "_timestamp": 1696909815.3540666, "_runtime": 5540.48450756073, "_step": 1705, "eval/precision": 0.7678648145496205, "eval/recall": 0.7771014492753623, "eval/hmean": 0.7724555211409638, "eval/fps": 10.915605066118424, "eval/best_hmean": 0.8158897683963647}